State,State ab,RTO,RT OfficeAN,Andaman and Nicobar,1,Port BlairAP,Andhra Pradesh,39,Tirupati districtAP,Andhra Pradesh,39,Krishna districtAP,Andhra Pradesh,39,NTR districtAP,Andhra Pradesh,39,Vizianagaram districtAP,Andhra Pradesh,39,Visakhapatnam districtAP,Andhra Pradesh,39,Alluri Sitharama Raju districtAP,Andhra Pradesh,39,Anakapalli districtAP,Andhra Pradesh,39,Kakinada districtAP,Andhra Pradesh,39,East Godavari districtAP,Andhra Pradesh,39,Konaseema districtAP,Andhra Pradesh,39,Eluru districtAP,Andhra Pradesh,39,West Godavari districtAP,Andhra Pradesh,39,Palnadu districtAP,Andhra Pradesh,39,Guntur districtAP,Andhra Pradesh,39,Bapatla districtAP,Andhra Pradesh,39,Prakasam districtAP,Andhra Pradesh,39,hbtAP,Andhra Pradesh,39,Kurnool districtAP,Andhra Pradesh,39,Nandyal districtAP,Andhra Pradesh,39,Anantapur districtAP,Andhra Pradesh,39,Sri Sathya Sai districtAP,Andhra Pradesh,39,YSR districtAP,Andhra Pradesh,39,Annamayya districtAP,Andhra Pradesh,39,Parvathipuram Manyam districtAP,Andhra Pradesh,39,Srikakulam districtAP,Andhra Pradesh,39,Chittoor districtAP,Andhra Pradesh,2,AnantapurAP,Andhra Pradesh,3,"Chittoor,ÿTirupati"AP,Andhra Pradesh,4,KadapaAP,Andhra Pradesh,5,KakinadaAP,Andhra Pradesh,6,KakinadaAP,Andhra Pradesh,7,GunturAP,Andhra Pradesh,8,GunturAP,Andhra Pradesh,16,VijayawadaAP,Andhra Pradesh,18,VijayawadaAP,Andhra Pradesh,21,KurnoolAP,Andhra Pradesh,26,NelloreAP,Andhra Pradesh,27,OngoleAP,Andhra Pradesh,30,SrikakulamAP,Andhra Pradesh,31,VisakhapatnamAP,Andhra Pradesh,32,VisakhapatnamAP,Andhra Pradesh,33,"Gajuwaka,ÿVisakhapatnam"AP,Andhra Pradesh,34,NarsipatnamAP,Andhra Pradesh,35,VizianagaramAP,Andhra Pradesh,37,EluruAR,Arunachal Pradesh,1,ItanagarAR,Arunachal Pradesh,2,ItanagarAR,Arunachal Pradesh,3,TawangAR,Arunachal Pradesh,4,BomdilaAR,Arunachal Pradesh,5,SeppaAR,Arunachal Pradesh,6,ZiroAR,Arunachal Pradesh,7,DaporijoAR,Arunachal Pradesh,8,AlongAR,Arunachal Pradesh,9,PasighatAR,Arunachal Pradesh,10,AniniAR,Arunachal Pradesh,11,TezuAR,Arunachal Pradesh,12,ChanglangAR,Arunachal Pradesh,13,KhonsaAR,Arunachal Pradesh,14,YingkiongAR,Arunachal Pradesh,15,KoloriangAR,Arunachal Pradesh,16,RoingAR,Arunachal Pradesh,17,HawaiAR,Arunachal Pradesh,19,PalinAR,Arunachal Pradesh,20,NamsaiAR,Arunachal Pradesh,22,SijiAS,Assam,1,GuwahatiAS,Assam,2,NagaonAS,Assam,4,JorhatAS,Assam,3,SivasagarAS,Assam,5,GolaghatAS,Assam,6,DibrugarhAS,Assam,7,LakhimpurAS,Assam,8,HaflongAS,Assam,9,Karbi AnglongAS,Assam,10,KarimganjAS,Assam,11,SilcharAS,Assam,12,TezpurAS,Assam,13,DarrangAS,Assam,14,NalbariAS,Assam,15,BarpetaAS,Assam,16,KokrajharAS,Assam,17,DhubriAS,Assam,18,GoalparaAS,Assam,19,BongaigaonAS,Assam,20,Assam State Transport CorporationAS,Assam,21,ChirangAS,Assam,22,DhemajiAS,Assam,23,TinsukiaAS,Assam,24,HailakandiAS,Assam,25,KamrupAS,Assam,26,ChirangAS,Assam,27,UdalguriAS,Assam,29,MajuliAS,Assam,30,Assam PoliceAS,Assam,31,HojaiAS,Assam,32,Biswanath CharialiAS,Assam,33,CharaideoAS,Assam,34,HatsingimariBR,Bihar,1,PatnaBR,Bihar,2,GayaBR,Bihar,3,ArrahBR,Bihar,4,ChhapraBR,Bihar,5,MotihariBR,Bihar,6,MuzaffarpurBR,Bihar,7,DarbhangaBR,Bihar,8,MungerBR,Bihar,9,BegusaraiBR,Bihar,10,BhagalpurBR,Bihar,13,HazaribaghBR,Bihar,14,RanchiBR,Bihar,15,DaltonganjBR,Bihar,16,JamshedpurBR,Bihar,17,DhanbadBR,Bihar,18,ChaibasaBR,Bihar,19,SaharsaBR,Bihar,20,BokaroBR,Bihar,21,Bihar SharifBR,Bihar,22,BettiahBR,Bihar,23,GiridihBR,Bihar,24,DehriBR,Bihar,25,JehanabadBR,Bihar,26,AurangabadBR,Bihar,27,NawadaBR,Bihar,28,GopalganjBR,Bihar,29,SiwanBR,Bihar,30,SitamarhiBR,Bihar,31,HajipurBR,Bihar,32,MadhubaniBR,Bihar,33,SamastipurBR,Bihar,34,KhagariaBR,Bihar,35,SahibganjBR,Bihar,36,GoddaBR,Bihar,37,KishanganjBR,Bihar,38,ArariaBR,Bihar,39,KatiharBR,Bihar,40,DeogharBR,Bihar,41,GumlaBR,Bihar,42,LohardagaBR,Bihar,43,MadhepuraBR,Bihar,44,BuxarBR,Bihar,45,BhabuaBR,Bihar,46,JamuiBR,Bihar,47,KodermaBR,Bihar,50,SupaulBR,Bihar,51,BankaBR,Bihar,52,SheikhpuraBR,Bihar,53,LakhisaraiBR,Bihar,55,SheoharBR,Bihar,56,ArwalBR,Bihar,57,SasaramCG,Chhattisgarh,1,Governor of ChhattisgarhCG,Chhattisgarh,2,Government of ChhattisgarhCG,Chhattisgarh,3,Chhattisgarh PoliceCG,Chhattisgarh,4,RaipurCG,Chhattisgarh,5,DhamtariCG,Chhattisgarh,6,MahasamundCG,Chhattisgarh,7,DurgCG,Chhattisgarh,8,RajnandgaonCG,Chhattisgarh,9,KawardhaCG,Chhattisgarh,10,BilaspurCG,Chhattisgarh,11,JanjgirCG,Chhattisgarh,12,KorbaCG,Chhattisgarh,13,RaigarhCG,Chhattisgarh,14,Jashpur NagarCG,Chhattisgarh,15,AmbikapurCG,Chhattisgarh,16,BaikunthpurCG,Chhattisgarh,17,JagdalpurCG,Chhattisgarh,18,DantewadaCG,Chhattisgarh,19,KankerCG,Chhattisgarh,20,BijapurCG,Chhattisgarh,21,NarayanpurCG,Chhattisgarh,22,Baloda BazarCG,Chhattisgarh,23,GariabandCG,Chhattisgarh,24,BalodCG,Chhattisgarh,25,BemetaraCG,Chhattisgarh,26,SukmaCG,Chhattisgarh,27,KondagaonCG,Chhattisgarh,28,MungeliCG,Chhattisgarh,29,SurajpurCG,Chhattisgarh,30,BalrampurDL,Delhi,1,Civil LinesDL,Delhi,2,Indraprastha DepotDL,Delhi,3,Sheikh SaraiDL,Delhi,4,JanakpuriDL,Delhi,5,Loni RoadDL,Delhi,6,"Sarai Kale Khan, Delhi"DL,Delhi,7,Mayur ViharDL,Delhi,8,WazirpurDL,Delhi,9,"Dwarka, Delhi"DL,Delhi,10,Raja GardenDL,Delhi,11,RohiniDL,Delhi,12,Vasant ViharDL,Delhi,13,Surajmal ViharGA,Goa,1,PanajiGA,Goa,2,MargaoGA,Goa,3,MapusaGA,Goa,4,BicholimGA,Goa,5,PondaGA,Goa,6,Vasco da GamaGA,Goa,7,PanajiGA,Goa,8,MargaoGA,Goa,9,QuepemGA,Goa,10,CanaconaGA,Goa,11,PernemGA,Goa,12,DharbandoraGJ,Gujarat,1,Ahmedabad City(West)GJ,Gujarat,2,MehsanaGJ,Gujarat,3,RajkotGJ,Gujarat,4,BhavnagarGJ,Gujarat,5,SuratÿcityGJ,Gujarat,6,VadodaraÿcityGJ,Gujarat,7,NadiadGJ,Gujarat,8,PalanpurGJ,Gujarat,9,HimmatnagarGJ,Gujarat,10,JamnagarGJ,Gujarat,11,JunagadhGJ,Gujarat,12,BhujGJ,Gujarat,13,SurendranagarGJ,Gujarat,14,AmreliGJ,Gujarat,15,ValsadGJ,Gujarat,16,BharuchGJ,Gujarat,17,GodhraGJ,Gujarat,18,GandhinagarGJ,Gujarat,19,BardoliGJ,Gujarat,20,DahodGJ,Gujarat,21,NavsariGJ,Gujarat,22,RajpiplaGJ,Gujarat,23,AnandGJ,Gujarat,24,PatanGJ,Gujarat,25,PorbandarGJ,Gujarat,26,VyaraGJ,Gujarat,27,"Ahmedabad(East),ÿVastral"GJ,Gujarat,28,"Pal, Suratÿrural"GJ,Gujarat,29,VadodaraÿruralGJ,Gujarat,30,WaghaiGJ,Gujarat,31,ModasaGJ,Gujarat,32,VeravalGJ,Gujarat,33,BotadGJ,Gujarat,34,Chhota UdaipurGJ,Gujarat,35,LunawadaGJ,Gujarat,36,MorbiGJ,Gujarat,37,KhambhaliyaGJ,Gujarat,38,BavlaHP,Himachal Pradesh,1,Statewide (tourist buses & taxis)HP,Himachal Pradesh,3,Shimlaÿ(Urban)HP,Himachal Pradesh,4,KangraÿatÿDharamsalaHP,Himachal Pradesh,5,MandiHP,Himachal Pradesh,6,Rampur BushahrHP,Himachal Pradesh,7,Shimlaÿ(Urban)HP,Himachal Pradesh,8,ChaupalHP,Himachal Pradesh,9,TheogHP,Himachal Pradesh,10,RohruHP,Himachal Pradesh,11,ArkiHP,Himachal Pradesh,12,NalagarhHP,Himachal Pradesh,13,KandaghatHP,Himachal Pradesh,14,SolanHP,Himachal Pradesh,15,ParwanooHP,Himachal Pradesh,16,RajgarhHP,Himachal Pradesh,16,"Pachhad,ÿSirmaur"HP,Himachal Pradesh,17,Paonta SahibHP,Himachal Pradesh,18,NahanHP,Himachal Pradesh,19,AmbHP,Himachal Pradesh,19,"Gagret,ÿUna"HP,Himachal Pradesh,20,UnaHP,Himachal Pradesh,21,"Barsar,ÿHamirpur"HP,Himachal Pradesh,22,HamirpurHP,Himachal Pradesh,23,GhumarwinHP,Himachal Pradesh,24,BilaspurHP,Himachal Pradesh,25,KalpaHP,Himachal Pradesh,26,NicharÿatÿBhaba NagarHP,Himachal Pradesh,27,PoohHP,Himachal Pradesh,28,SarkaghatHP,Himachal Pradesh,29,JogindernagarHP,Himachal Pradesh,30,KarsogHP,Himachal Pradesh,31,SundernagarHP,Himachal Pradesh,32,"Gohar,ÿMandi"HP,Himachal Pradesh,33,MandiHP,Himachal Pradesh,33,KotliHP,Himachal Pradesh,34,KulluHP,Himachal Pradesh,35,"Anni,ÿKullu"HP,Himachal Pradesh,36,DehraHP,Himachal Pradesh,37,PalampurHP,Himachal Pradesh,38,NurpurHP,Himachal Pradesh,39,DharamshalaHP,Himachal Pradesh,40,KangraHP,Himachal Pradesh,41,KazaHP,Himachal Pradesh,42,KeylongHP,Himachal Pradesh,43,"Udaipur,ÿLahaul and Spiti"HP,Himachal Pradesh,44,"Churah,ÿChamba"HP,Himachal Pradesh,45,PangiHP,Himachal Pradesh,46,BharmourHP,Himachal Pradesh,47,DalhousieHP,Himachal Pradesh,48,ChambaHP,Himachal Pradesh,49,BanjarHP,Himachal Pradesh,50,ShimlaHP,Himachal Pradesh,51,Shimlaÿ(Rural)HP,Himachal Pradesh,53,BaijnathHP,Himachal Pradesh,54,JawaliHP,Himachal Pradesh,55,NadaunHP,Himachal Pradesh,56,JaisinghpurHP,Himachal Pradesh,57,ChowariHP,Himachal Pradesh,58,ManaliHP,Himachal Pradesh,59,SolanHP,Himachal Pradesh,60,HamirpurHP,Himachal Pradesh,61,KulluHP,Himachal Pradesh,62,ShimlaHP,Himachal Pradesh,63,ShimlaHP,Himachal Pradesh,64,SolanHP,Himachal Pradesh,65,MandiHP,Himachal Pradesh,66,KulluHP,Himachal Pradesh,67,HamirpurHP,Himachal Pradesh,68,KangraÿatÿDharmsalaHP,Himachal Pradesh,69,BilaspurHP,Himachal Pradesh,71,NahanHP,Himachal Pradesh,72,UnaHP,Himachal Pradesh,73,ChambaHP,Himachal Pradesh,74,"Bhoranj,ÿHamirpur"HP,Himachal Pradesh,75,ShimlaHP,Himachal Pradesh,76,"Paddhar,ÿMandi"HP,Himachal Pradesh,77,"Dodra Kawar,ÿShimla"HP,Himachal Pradesh,78,"Bangana,ÿUna"HP,Himachal Pradesh,79,"Sangrah,ÿSirmaur"HP,Himachal Pradesh,80,"Haroli,ÿUna"HP,Himachal Pradesh,81,SalooniHP,Himachal Pradesh,82,"Balh,ÿMandi"HP,Himachal Pradesh,83,"Jawalaji,ÿKangra"HP,Himachal Pradesh,84,"Sujanpur Tihra,ÿHamirpur"HP,Himachal Pradesh,85,"Shillai,ÿSirmaur"HP,Himachal Pradesh,86,"Dharampur,ÿMandi"HP,Himachal Pradesh,87,"Janjehli,ÿMandi"HP,Himachal Pradesh,87,"BaliChwoki,ÿMandi"HP,Himachal Pradesh,88,"Fatehpur,ÿKangra"HP,Himachal Pradesh,89,"Jhandutta,ÿBilaspur"HP,Himachal Pradesh,90,"Shahpur,ÿKangra"HP,Himachal Pradesh,91,"Naina Deviÿat Swarghat,ÿBilaspur"HP,Himachal Pradesh,92,Rampur BushahrHP,Himachal Pradesh,93,NalagarhHP,Himachal Pradesh,94,Nagrota BagwanHP,Himachal Pradesh,95,KumarsainHP,Himachal Pradesh,96,"Dheera,ÿKangra"HP,Himachal Pradesh,97,IndoraHP,Himachal Pradesh,98,KasauliHP,Himachal Pradesh,99,KotkhaiHR,Haryana,1,AmbalaHR,Haryana,2,JagadhariHR,Haryana,3,PanchkulaHR,Haryana,4,NaraingarhHR,Haryana,5,KarnalHR,Haryana,6,PanipatHR,Haryana,7,ThanesarHR,Haryana,8,KaithalHR,Haryana,9,GuhlaHR,Haryana,10,SonipatHR,Haryana,11,GohanaHR,Haryana,12,RohtakHR,Haryana,13,BahadurgarhHR,Haryana,14,JhajjarHR,Haryana,15,MehamHR,Haryana,16,BhiwaniHR,Haryana,17,SiwaniHR,Haryana,18,LoharuHR,Haryana,19,Charkhi DadriHR,Haryana,20,HisarHR,Haryana,21,HansiHR,Haryana,22,FatehabadHR,Haryana,23,"Tohana,ÿJakhal Mandi"HR,Haryana,24,SirsaHR,Haryana,25,Mandi DabwaliHR,Haryana,26,Gurugramÿ(Gurugram North)HR,Haryana,27,NuhHR,Haryana,28,Ferozepur JhirkaHR,Haryana,29,Ballabgarhÿ(Faridabad South)HR,Haryana,30,PalwalHR,Haryana,31,JindHR,Haryana,32,NarwanaHR,Haryana,33,SafidonHR,Haryana,34,MahendragarhHR,Haryana,35,NarnaulHR,Haryana,36,RewariHR,Haryana,37,AmbalaHR,Haryana,38,FaridabadHR,Haryana,39,HisarHR,Haryana,40,AssandhHR,Haryana,41,PehowaHR,Haryana,42,GanaurHR,Haryana,43,KosliHR,Haryana,44,EllenabadHR,Haryana,45,KarnalHR,Haryana,46,RohtakHR,Haryana,47,RewariHR,Haryana,48,ToshamHR,Haryana,49,KalkaHR,Haryana,50,HodalHR,Haryana,51,Faridabadÿ(Faridabad North)HR,Haryana,52,HathinHR,Haryana,53,AdampurHR,Haryana,54,BararaHR,Haryana,55,GurugramHR,Haryana,56,JindHR,Haryana,57,SirsaHR,Haryana,58,YamunanagarHR,Haryana,59,RatiaHR,Haryana,60,SamalkhaHR,Haryana,61,BhiwaniHR,Haryana,62,FatehabadHR,Haryana,63,JhajjarHR,Haryana,64,KaithalHR,Haryana,65,KurukshetraHR,Haryana,66,NarnaulHR,Haryana,67,PanipatHR,Haryana,68,PanchkulaHR,Haryana,69,SonipatHR,Haryana,70,ChandigarhHR,Haryana,71,BilaspurHR,Haryana,72,SohnaHR,Haryana,73,PalwalHR,Haryana,74,NuhHR,Haryana,75,IndriHR,Haryana,76,PataudiHR,Haryana,77,BeriHR,Haryana,78,Shahabad MarkandaHR,Haryana,79,KharkhodaHR,Haryana,80,BarwalaHR,Haryana,81,BawalHR,Haryana,82,KaninaHR,Haryana,83,KalayatHR,Haryana,84,Charkhi DadriHR,Haryana,85,Ambala CanttHR,Haryana,86,NarnaundHR,Haryana,87,Badkhal (Faridabad West)HR,Haryana,88,BadhraHR,Haryana,89,BadliHR,Haryana,90,UchanaHR,Haryana,91,GharaundaHR,Haryana,92,RadaurHR,Haryana,93,PunhanaHR,Haryana,94,KalanwaliHR,Haryana,95,SamplaHR,Haryana,96,TaoruHR,Haryana,97,LadwaHR,Haryana,98,Badshahpurÿ(Gurugram South)HR,Haryana,99,EntireÿHaryanaJH,Jharkhand,1,RanchiJH,Jharkhand,2,HazaribaghJH,Jharkhand,3,DaltonganjJH,Jharkhand,4,DumkaJH,Jharkhand,5,JamshedpurJH,Jharkhand,6,ChaibasaJH,Jharkhand,7,GumlaJH,Jharkhand,8,LohardagaJH,Jharkhand,9,BokaroJH,Jharkhand,10,DhanbadJH,Jharkhand,11,GiridihJH,Jharkhand,12,KodermaJH,Jharkhand,13,ChatraJH,Jharkhand,14,GarhwaJH,Jharkhand,15,DeogharJH,Jharkhand,16,PakurJH,Jharkhand,17,GoddaJH,Jharkhand,18,SahibganjJH,Jharkhand,19,LateharJH,Jharkhand,20,SimdegaJH,Jharkhand,21,JamtaraJH,Jharkhand,22,Seraikela KharsawanJH,Jharkhand,23,KhuntiJH,Jharkhand,24,RamgarhJK,Jammu and Kashmir,1,SrinagarJK,Jammu and Kashmir,2,JammuJK,Jammu and Kashmir,3,AnantnagJK,Jammu and Kashmir,4,BudgamJK,Jammu and Kashmir,5,BaramullaJK,Jammu and Kashmir,6,DodaJK,Jammu and Kashmir,8,"Lakhanpur,ÿKathua"JK,Jammu and Kashmir,9,KupwaraJK,Jammu and Kashmir,11,RajouriJK,Jammu and Kashmir,12,PoonchJK,Jammu and Kashmir,13,PulwamaJK,Jammu and Kashmir,14,UdhampurJK,Jammu and Kashmir,15,BandiporaJK,Jammu and Kashmir,16,GanderbalJK,Jammu and Kashmir,17,KishtwarJK,Jammu and Kashmir,18,KulgamJK,Jammu and Kashmir,19,RambanJK,Jammu and Kashmir,20,ReasiJK,Jammu and Kashmir,21,SambaJK,Jammu and Kashmir,22,ShopianKA,Karnataka,1,BengaluruÿCentralKA,Karnataka,2,BengaluruÿWestKA,Karnataka,3,BengaluruÿEastKA,Karnataka,4,BengaluruÿNorthKA,Karnataka,5,BengaluruÿSouthKA,Karnataka,6,TumakuruKA,Karnataka,7,KolarKA,Karnataka,8,"Kolar Gold Fields, Kolar District"KA,Karnataka,9,MysuruÿWestKA,Karnataka,10,ChamarajanagarKA,Karnataka,11,MandyaKA,Karnataka,12,"Madikeri, Kodagu District"KA,Karnataka,13,HassanKA,Karnataka,14,ShivamoggaKA,Karnataka,15,"Sagara, Shivamogga District"KA,Karnataka,16,ChitradurgaKA,Karnataka,17,DavanagereKA,Karnataka,18,ChikkamagaluruKA,Karnataka,19,"Mangaluru, Dakshina Kannada District"KA,Karnataka,20,UdupiKA,Karnataka,21,"Puttur, Dakshina Kannada District"KA,Karnataka,22,BelagaviKA,Karnataka,23,"Chikkodi, Belagavi District"KA,Karnataka,24,"Bailhongal, Belagavi District"KA,Karnataka,25,DharwadÿWestKA,Karnataka,26,GadagKA,Karnataka,27,HaveriKA,Karnataka,28,VijayapuraKA,Karnataka,29,BagalkoteKA,Karnataka,30,"Karwar, Uttara Kannada District"KA,Karnataka,31,"Sirsi, Uttara Kannada District"KA,Karnataka,32,KalaburagiKA,Karnataka,33,YadgirKA,Karnataka,34,BallariKA,Karnataka,35,"Hosapete, Vijayanagara District"KA,Karnataka,36,RaichurKA,Karnataka,37,KoppalKA,Karnataka,38,BidarKA,Karnataka,39,"Bhalki, Bidar District"KA,Karnataka,40,ChikkaballapuraKA,Karnataka,41,"Jnana Bharathi, Bengaluru"KA,Karnataka,42,RamanagaraKA,Karnataka,43,"Devanahalli, Bengaluru Rural District"KA,Karnataka,44,"Tiptur, Tumkur District"KA,Karnataka,45,"Hunsur, Mysuru District"KA,Karnataka,46,"Sakleshpura, Hassan District"KA,Karnataka,47,"Honnavar, Uttara Kannada District"KA,Karnataka,48,"Jamkhandi, Bagalkote District"KA,Karnataka,49,"Gokak, Belagavi District"KA,Karnataka,50,"Yelahanka, Bengaluru"KA,Karnataka,51,"Electronic City, Bengaluru"KA,Karnataka,52,"Nelamangala, Bengaluru Rural District"KA,Karnataka,53,"Krishnarajapuram, Bengaluru"KA,Karnataka,54,"Nagamangala, Mandya District"KA,Karnataka,55,MysuruÿEastKA,Karnataka,56,"Basavakalyan, Bidar District"KA,Karnataka,57,"ShantinagaraÿKSRTC, Bengaluru"KA,Karnataka,59,"Chandapura, Bengaluru Urban District"KA,Karnataka,63,DharwadÿEastKA,Karnataka,64,"Madhugiri, Tumkur District"KA,Karnataka,65,"Dandeli, Uttara Kannada District"KA,Karnataka,66,"Tarikere, Chikkamagaluru District"KA,Karnataka,67,"Chintamani, Chikkaballapura District"KA,Karnataka,68,"Ranebennur, Haveri District"KA,Karnataka,69,"Ramdurg, Belagavi District"KA,Karnataka,70,"Bantwal, Dakshina Kannada District"KA,Karnataka,71,"Athani, Belagavi District"KL,Kerala,1,ThiruvananthapuramKL,Kerala,2,KollamKL,Kerala,3,PathanamthittaKL,Kerala,4,AlappuzhaKL,Kerala,5,KottayamKL,Kerala,6,Idukki townshipKL,Kerala,7,KochiKL,Kerala,8,ThrissurKL,Kerala,9,PalakkadKL,Kerala,10,"Malappuramÿ(Part of Ernad, Perintalmanna & Tirur Taluks)"KL,Kerala,11,KozhikodeKL,Kerala,12,KalpettaÿWayanad DistrictKL,Kerala,13,KannurKL,Kerala,14,KasaragodKL,Kerala,15,ThiruvananthapuramKL,Kerala,16,AttingalKL,Kerala,17,MuvattupuzhaKL,Kerala,18,VadakaraKL,Kerala,19,ParassalaKL,Kerala,20,NeyyattinkaraKL,Kerala,21,NedumangadKL,Kerala,22,TechnoparkÿKazhakoottamKL,Kerala,23,KarunagappalliKL,Kerala,24,KottarakkaraKL,Kerala,25,PunalurKL,Kerala,26,AdoorKL,Kerala,27,TiruvallaKL,Kerala,28,MallappallyKL,Kerala,29,KayamkulamKL,Kerala,30,ChengannurKL,Kerala,31,MavelikkaraKL,Kerala,32,CherthalaKL,Kerala,33,ChanganasseryKL,Kerala,34,KanjirapalliKL,Kerala,35,PalaKL,Kerala,36,VaikomKL,Kerala,37,VandiperiyarKL,Kerala,38,ThodupuzhaKL,Kerala,39,ThripunithuraKL,Kerala,40,PerumbavoorKL,Kerala,41,AluvaKL,Kerala,42,ParurKL,Kerala,43,Fort KochiKL,Kerala,44,KothamangalamKL,Kerala,45,IrinjalakudaKL,Kerala,46,GuruvayurKL,Kerala,47,KodungallorKL,Kerala,48,WadakkancherryKL,Kerala,49,AlathurKL,Kerala,50,MannarkkadKL,Kerala,51,OttapalamKL,Kerala,52,PattambiKL,Kerala,53,Perinthalmannaÿ(Part of Perintalmanna Taluk)KL,Kerala,54,Ponnaniÿ(Ponnani Taluk)KL,Kerala,55,Tirurÿ(Part of Tirur Taluk)KL,Kerala,56,KoyilandyKL,Kerala,57,KoduvallyKL,Kerala,58,ThalasseryKL,Kerala,59,TaliparambaKL,Kerala,60,HosdurgKL,Kerala,61,SasthamkottaKL,Kerala,62,RanniKL,Kerala,63,AngamalyKL,Kerala,64,ChalakkudyKL,Kerala,65,Tirurangadiÿ(Tirurangadi Taluk Full & Part of Tirur Taluk)KL,Kerala,66,KuttanadKL,Kerala,67,UzhavoorKL,Kerala,68,DevikulamKL,Kerala,69,UdumbancholaKL,Kerala,70,ChitturKL,Kerala,71,Nilamburÿ(Nilambur Taluk)KL,Kerala,72,MananthavadyKL,Kerala,73,Sulthan BatheryKL,Kerala,74,KattakadaKL,Kerala,75,ThriprayarKL,Kerala,76,NanmandaKL,Kerala,77,PerambraKL,Kerala,78,IrittyKL,Kerala,79,VellarikunduKL,Kerala,80,PathanapuramKL,Kerala,81,VarkalaKL,Kerala,82,ChadayamangalamKL,Kerala,83,KonniKL,Kerala,84,Kondottyÿ(Kondotty Taluk Full & Part of Ernad Taluk)KL,Kerala,85,Ramanattukara-FerokeKL,Kerala,86,PayyannurKL,Kerala,99,TrivandrumLD,Lakshadweep,1,KavarattiLD,Lakshadweep,2,AgattiLD,Lakshadweep,3,AminiLD,Lakshadweep,4,AndrothLD,Lakshadweep,5,KadmatLD,Lakshadweep,6,KiltanLD,Lakshadweep,7,KalpeniLD,Lakshadweep,8,KalpeniLD,Lakshadweep,9,MinicoyMH,Maharashtra,1,MumbaiÿCentral (Southern Suburbs)MH,Maharashtra,2,MumbaiÿWest (Western Suburbs)MH,Maharashtra,3,MumbaiÿEast (Eastern Suburbs)MH,Maharashtra,4,ThaneMH,Maharashtra,5,"Kalyan, Thane District"MH,Maharashtra,6,RaigadMH,Maharashtra,7,SindhudurgMH,Maharashtra,8,RatnagiriMH,Maharashtra,9,KolhapurMH,Maharashtra,10,SangliMH,Maharashtra,11,SataraMH,Maharashtra,12,PuneMH,Maharashtra,13,SolapurMH,Maharashtra,14,"Pimpri-Chinchwad,ÿPune"MH,Maharashtra,15,NashikMH,Maharashtra,16,AhmednagarMH,Maharashtra,17,"Shrirampur, Ahmednagar District"MH,Maharashtra,18,DhuleMH,Maharashtra,19,JalgaonMH,Maharashtra,20,AurangabadMH,Maharashtra,21,JalnaMH,Maharashtra,22,ParbhaniMH,Maharashtra,23,BeedMH,Maharashtra,24,LaturMH,Maharashtra,25,OsmanabadMH,Maharashtra,26,NandedMH,Maharashtra,27,AmravatiMH,Maharashtra,28,BuldhanaMH,Maharashtra,29,YavatmalMH,Maharashtra,30,AkolaMH,Maharashtra,31,NagpurÿWestMH,Maharashtra,32,WardhaMH,Maharashtra,33,GadchiroliMH,Maharashtra,34,ChandrapurMH,Maharashtra,35,GondiaMH,Maharashtra,36,BhandaraMH,Maharashtra,37,WashimMH,Maharashtra,38,HingoliMH,Maharashtra,39,NandurbarMH,Maharashtra,40,NagpurÿRuralMH,Maharashtra,41,"Malegaon,ÿNashik District"MH,Maharashtra,42,"Baramati, Pune District"MH,Maharashtra,43,"Navi Mumbai, Thane District Limits"MH,Maharashtra,44,"Ambajogai, Beed District"MH,Maharashtra,45,"Akluj, Solapur District"MH,Maharashtra,46,"Navi Mumbai, Raigad District Limits"MH,Maharashtra,47,"Borivali, Mumbai (Northern Suburbs)"MH,Maharashtra,48,PalgharÿDistrictMH,Maharashtra,49,NagpurÿEastMH,Maharashtra,50,"Karad, Satara District"ML,Meghalaya,1,Meghalaya Government VehiclesML,Meghalaya,2,Meghalaya PoliceÿVehiclesML,Meghalaya,4,Jaintia HillsML,Meghalaya,5,ShillongML,Meghalaya,6,West Khasi HillsML,Meghalaya,7,East Garo HillsML,Meghalaya,8,West Garo Hills(Tura)ML,Meghalaya,9,South Garo HillsML,Meghalaya,10,Ri-BhoiMN,Manipur,1,ImphalÿWestMN,Manipur,2,ChurachandpurMN,Manipur,3,KangpokpiMN,Manipur,4,ThoubalMN,Manipur,5,BishnupurMN,Manipur,6,ImphalÿEastMN,Manipur,7,UkhrulMP,Madhya Pradesh,1,BhopalMP,Madhya Pradesh,2,BhopalMP,Madhya Pradesh,3,BhopalMP,Madhya Pradesh,4,BhopalMP,Madhya Pradesh,5,NarmadapuramMP,Madhya Pradesh,6,MorenaMP,Madhya Pradesh,7,GwaliorMP,Madhya Pradesh,8,GunaMP,Madhya Pradesh,9,IndoreMP,Madhya Pradesh,10,KhargoneMP,Madhya Pradesh,11,DharMP,Madhya Pradesh,12,KhandwaMP,Madhya Pradesh,13,UjjainMP,Madhya Pradesh,17,RewaMP,Madhya Pradesh,20,JabalpurMP,Madhya Pradesh,28,ChhindwaraMP,Madhya Pradesh,39,RajgarhMP,Madhya Pradesh,47,HardaMP,Madhya Pradesh,48,BetulMP,Madhya Pradesh,70,AgarMZ,Mizoram,1,AizawlMZ,Mizoram,2,LungleiMZ,Mizoram,3,SaihaMZ,Mizoram,4,ChamphaiMZ,Mizoram,5,KolasibMZ,Mizoram,6,SerchhipMZ,Mizoram,7,LawngtlaiMZ,Mizoram,8,MamitNL,Nagaland,1,Kohima DistrictNL,Nagaland,2,Mokokchung DistrictNL,Nagaland,3,Tuensang DistrictNL,Nagaland,4,Mon DistrictNL,Nagaland,5,Wokha DistrictNL,Nagaland,6,ZÅnheboto DistrictNL,Nagaland,7,ChÅmoukedima DistrictNL,Nagaland,8,Phek DistrictNL,Nagaland,10,entire NagalandNL,Nagaland,11,entire NagalandOD,Odissa,1,BalasoreOD,Odissa,2,BhubaneswarOD,Odissa,3,BolangirOD,Odissa,4,ChandikholOD,Odissa,5,CuttackOD,Odissa,6,DhenkanalOD,Odissa,7,GanjamOD,Odissa,8,KalahandiÿBhawanipatnaOD,Odissa,9,KeonjharOD,Odissa,10,KoraputOD,Odissa,11,MayurbhanjOD,Odissa,12,PhulbaniÿKhandamalOD,Odissa,13,PuriOD,Odissa,14,RourkelaOD,Odissa,15,SambalpurOD,Odissa,16,SundergarhOD,Odissa,17,BaragarhOD,Odissa,18,RayagadaOD,Odissa,19,AngulOD,Odissa,20,GajapatiOD,Odissa,21,JagatsinghpurOD,Odissa,22,BhadrakOD,Odissa,23,JharsugudaOD,Odissa,24,NabarangpurOD,Odissa,25,NayagarhOD,Odissa,26,NuapadaOD,Odissa,27,BoudhOD,Odissa,28,DebagarhOD,Odissa,29,KendraparaOD,Odissa,30,MalkangiriOD,Odissa,31,SubarnapurOD,Odissa,32,BhanjanagarOD,Odissa,33,BhubaneswarOD,Odissa,34,JajpurOD,Odissa,35,TalcherPB,Punjab,1,"Rented cars, self drive cars inÿChandigarhÿ& taxi vehicles fromÿPunjab"PB,Punjab,2,Amritsarÿ(1)PB,Punjab,3,BathindaPB,Punjab,4,FaridkotPB,Punjab,5,FirozpurPB,Punjab,6,GurdaspurPB,Punjab,7,HoshiarpurPB,Punjab,8,Jalandharÿ(1)PB,Punjab,9,KapurthalaPB,Punjab,10,Ludhianaÿ(West)PB,Punjab,11,PatialaPB,Punjab,12,RupnagarPB,Punjab,13,SangrurPB,Punjab,14,AjnalaPB,Punjab,15,AboharPB,Punjab,16,Anandpur SahibPB,Punjab,17,Baba BakalaPB,Punjab,18,BatalaPB,Punjab,19,BarnalaPB,Punjab,20,BalachaurPB,Punjab,21,DasuyaPB,Punjab,22,FazilkaPB,Punjab,23,Fatehgarh SahibPB,Punjab,24,GarhshankarPB,Punjab,25,JagraonPB,Punjab,26,KhannaPB,Punjab,27,KhararPB,Punjab,28,MalerkotlaPB,Punjab,29,MogaPB,Punjab,30,MuktsarPB,Punjab,31,MansaPB,Punjab,32,NawanshaharPB,Punjab,33,NakodarPB,Punjab,34,NabhaPB,Punjab,35,PathankotPB,Punjab,36,PhagwaraPB,Punjab,37,PhillaurPB,Punjab,38,PattiPB,Punjab,39,RajpuraPB,Punjab,40,Rampura PhulPB,Punjab,41,Sultanpur LodhiPB,Punjab,42,SamanaPB,Punjab,43,SamralaPB,Punjab,44,SunamPB,Punjab,45,Talwandi SaboPB,Punjab,46,Tarn TaranPB,Punjab,47,ZiraPB,Punjab,48,AmlohPB,Punjab,49,KhamanonPB,Punjab,50,BudhladaPB,Punjab,51,SardulgarhPB,Punjab,52,Bassi PathanaPB,Punjab,53,MaloutPB,Punjab,54,MukerianPB,Punjab,55,PayalPB,Punjab,56,RaikotPB,Punjab,57,BhulathPB,Punjab,58,Dera Baba NanakPB,Punjab,59,DhuriPB,Punjab,60,GidderbahaPB,Punjab,61,JalalabadPB,Punjab,62,JaituPB,Punjab,63,Khadoor SahibPB,Punjab,64,MoonakPB,Punjab,65,MohaliPB,Punjab,66,Nihal Singh WalaPB,Punjab,67,ShahkotPB,Punjab,68,Dhar KalanPB,Punjab,69,Bagha PuranaPB,Punjab,70,Dera BassiPB,Punjab,71,Chamkaur SahibPB,Punjab,72,PattranPB,Punjab,73,Tappa MandiPB,Punjab,74,NangalPB,Punjab,75,LehragagaPB,Punjab,76,DharamkotPB,Punjab,77,Guru Har SahaiPB,Punjab,78,BangaPB,Punjab,79,KotkapuraPB,Punjab,80,MaurPB,Punjab,81,MajithaPB,Punjab,82,AhmedgarhPB,Punjab,83,Dudhan SadhanPB,Punjab,84,BhawanigarhPB,Punjab,85,KalanaurPB,Punjab,86,DirbaPB,Punjab,87,MorindaPB,Punjab,88,BhikhiwindPB,Punjab,89,Amritsarÿ(2)PB,Punjab,90,Jalandharÿ(2)PB,Punjab,91,Ludhianaÿ(East)PB,Punjab,99,DinanagarPY,Pondicherry,1,PuducherryPY,Pondicherry,2,KaraikalPY,Pondicherry,3,MahePY,Pondicherry,4,YanamPY,Pondicherry,5,OulgaretRJ,Rajasthan,1,AjmerRJ,Rajasthan,2,AlwarRJ,Rajasthan,3,BanswaraRJ,Rajasthan,4,BarmerRJ,Rajasthan,5,BharatpurRJ,Rajasthan,6,BhilwaraRJ,Rajasthan,7,BikanerRJ,Rajasthan,8,BundiRJ,Rajasthan,9,ChittaurgarhRJ,Rajasthan,10,ChuruRJ,Rajasthan,11,DholpurRJ,Rajasthan,12,DungarpurRJ,Rajasthan,13,Sri GanganagarRJ,Rajasthan,14,Jaipur SouthRJ,Rajasthan,15,JaisalmerRJ,Rajasthan,16,JaloreRJ,Rajasthan,17,JhalawarRJ,Rajasthan,18,JhunjhunuRJ,Rajasthan,19,JodhpurRJ,Rajasthan,20,KotaRJ,Rajasthan,21,NagaurRJ,Rajasthan,22,PaliRJ,Rajasthan,23,SikarRJ,Rajasthan,24,SirohiRJ,Rajasthan,25,Sawai MadhopurRJ,Rajasthan,26,TonkRJ,Rajasthan,27,UdaipurRJ,Rajasthan,28,BaranRJ,Rajasthan,29,DausaRJ,Rajasthan,30,RajsamandRJ,Rajasthan,31,HanumangarhRJ,Rajasthan,32,Kotputliÿ(Jaipur)RJ,Rajasthan,33,Ramganj Mandiÿ(Kota)RJ,Rajasthan,34,KarauliRJ,Rajasthan,35,PratapgarhRJ,Rajasthan,36,Beawarÿ(Ajmer)RJ,Rajasthan,37,Didwanaÿ(Nagaur)RJ,Rajasthan,38,Abu Roadÿ(Sirohi)RJ,Rajasthan,39,Balotraÿ(Barmer)RJ,Rajasthan,40,Bhiwadiÿ(Alwar)RJ,Rajasthan,41,Chomuÿ(Jaipur)RJ,Rajasthan,42,Kishangarhÿ(Ajmer)RJ,Rajasthan,43,Phalodiÿ(Jodhpur)RJ,Rajasthan,44,Sujangarhÿ(Churu)RJ,Rajasthan,45,JaipurÿNorthRJ,Rajasthan,46,Bhinmalÿ(Jalore)RJ,Rajasthan,47,Duduÿ(Jaipur)RJ,Rajasthan,48,Kekriÿ(Ajmer)RJ,Rajasthan,49,Noharÿ(Hanumangarh)RJ,Rajasthan,50,Nokhaÿ(Bikaner)RJ,Rajasthan,51,Shahpuraÿ(Bhilwara)RJ,Rajasthan,52,Shahpuraÿ(Jaipur)RJ,Rajasthan,53,Khetriÿ(Jhunjhunu)RJ,Rajasthan,54,Piparcityÿ(Jodhpur)RJ,Rajasthan,55,Pokhranÿ(Jaisalamer)RJ,Rajasthan,56,Sadulshaharÿ(Shri ganganagar)RJ,Rajasthan,57,Sumerpurÿ(Pali)RJ,Rajasthan,58,Salumbarÿ(Udaipur)SK,Sikkim,1,GangtokÿEast SikkimSK,Sikkim,2,GyalshingÿWest SikkimSK,Sikkim,3,ManganÿNorth SikkimSK,Sikkim,4,JorethangÿSouth SikkimTN,TamilNadu,1,Chennaiÿ(Central):ÿAyanavaramTN,TamilNadu,2,Chennaiÿ(North West):ÿAnna NagarTN,TamilNadu,3,Chennaiÿ(North East):ÿTondiarpetTN,TamilNadu,4,Chennaiÿ(East):ÿRoyapuramTN,TamilNadu,5,Chennaiÿ(North):ÿKolathurTN,TamilNadu,6,Chennaiÿ(South East):ÿMandavelliTN,TamilNadu,7,Chennaiÿ(South):ÿAdyarTN,TamilNadu,9,Chennaiÿ(West):ÿK. K. NagarTN,TamilNadu,10,Chennaiÿ(South West):ÿVirugambakkamTN,TamilNadu,11,TambaramTN,TamilNadu,12,PoonamalleeTN,TamilNadu,13,AmbatturTN,TamilNadu,14,SholinganallurTN,TamilNadu,15,UlundurpetTN,TamilNadu,15,KallakurichiTN,TamilNadu,16,TindivanamTN,TamilNadu,16,GingeeTN,TamilNadu,18,Red HillsTN,TamilNadu,18,GummidipoondiTN,TamilNadu,19,ChengalpattuTN,TamilNadu,19,MadurantakamTN,TamilNadu,20,TiruvallurTN,TamilNadu,20,ThiruthaniTN,TamilNadu,21,KanchipuramTN,TamilNadu,22,MeenambakkamTN,TamilNadu,23,VelloreTN,TamilNadu,23,GudiyathamTN,TamilNadu,24,KrishnagiriTN,TamilNadu,25,ThiruvannamalaiTN,TamilNadu,27,SalemTN,TamilNadu,28,Namakkalÿ(North)TN,TamilNadu,28,RasipuramTN,TamilNadu,29,DharmapuriTN,TamilNadu,29,PalacodeTN,TamilNadu,29,HarurTN,TamilNadu,30,Salemÿ(West)TN,TamilNadu,30,OmalurTN,TamilNadu,31,CuddaloreTN,TamilNadu,31,PanrutiTN,TamilNadu,32,VillupuramTN,TamilNadu,33,Erodeÿ(East)TN,TamilNadu,34,TiruchengodeTN,TamilNadu,34,KumarapalayamTN,TamilNadu,36,GobichettipalayamTN,TamilNadu,36,BhavaniTN,TamilNadu,36,SathyamangalamTN,TamilNadu,37,Coimbatoreÿ(South)TN,TamilNadu,37,SulurTN,TamilNadu,38,Coimbatoreÿ(North)TN,TamilNadu,39,Tirupurÿ(North)TN,TamilNadu,39,AvinashiTN,TamilNadu,40,MettupalayamTN,TamilNadu,41,PollachiTN,TamilNadu,41,ValparaiTN,TamilNadu,42,Tirupurÿ(South)TN,TamilNadu,42,KangayamTN,TamilNadu,43,OotyTN,TamilNadu,43,GudalurTN,TamilNadu,45,Tiruchirapalliÿ(West)TN,TamilNadu,45,ManapparaiTN,TamilNadu,46,PerambalurTN,TamilNadu,47,KarurTN,TamilNadu,47,ManmangalamTN,TamilNadu,47,AravakurichiTN,TamilNadu,47,KulithalaiTN,TamilNadu,48,SrirangamTN,TamilNadu,48,ThuraiyurTN,TamilNadu,48,MusiriTN,TamilNadu,48,LalgudiTN,TamilNadu,49,ThanjavurTN,TamilNadu,49,PattukottaiTN,TamilNadu,50,TiruvarurTN,TamilNadu,50,ThiruthuraipoondiTN,TamilNadu,50,MannargudiTN,TamilNadu,51,NagapattinamTN,TamilNadu,52,SankagiriTN,TamilNadu,54,Salemÿ(East)TN,TamilNadu,55,PudukottaiTN,TamilNadu,55,AlangudiTN,TamilNadu,55,IluppurTN,TamilNadu,55,AranthangiTN,TamilNadu,56,PerunduraiTN,TamilNadu,57,DindigulTN,TamilNadu,57,VedasandurTN,TamilNadu,57,BatlagunduTN,TamilNadu,58,Maduraiÿ(South)TN,TamilNadu,58,UsilampattiTN,TamilNadu,58,ThirumangalamTN,TamilNadu,59,Maduraiÿ(North)TN,TamilNadu,59,VadipattiTN,TamilNadu,59,MelurTN,TamilNadu,60,TheniTN,TamilNadu,60,UthamapalayamTN,TamilNadu,61,AriyalurTN,TamilNadu,63,SivagangaTN,TamilNadu,63,KaraikudiTN,TamilNadu,64,Maduraiÿ(Central)TN,TamilNadu,65,RamanathapuramTN,TamilNadu,65,ParamakudiTN,TamilNadu,66,Coimbatoreÿ(Central)TN,TamilNadu,67,VirudhunagarTN,TamilNadu,67,AruppukottaiTN,TamilNadu,68,KumbakonamTN,TamilNadu,69,ThoothukudiTN,TamilNadu,70,HosurTN,TamilNadu,72,TirunelveliTN,TamilNadu,72,ValliyurTN,TamilNadu,73,RanipetTN,TamilNadu,73,ArakkonamTN,TamilNadu,74,NagercoilTN,TamilNadu,75,MarthandamTN,TamilNadu,76,TenkasiTN,TamilNadu,76,AmbasamudramTN,TamilNadu,77,AtturTN,TamilNadu,77,VazhapadiTN,TamilNadu,78,DharapuramTN,TamilNadu,78,UdumalpetTN,TamilNadu,79,SankarankovilTN,TamilNadu,81,Tiruchirapalliÿ(East)TN,TamilNadu,81,ThiruverumburTN,TamilNadu,82,MayiladuthuraiTN,TamilNadu,82,SirkazhiTN,TamilNadu,83,VaniyambadiTN,TamilNadu,83,AmburTN,TamilNadu,83,ThirupatturTN,TamilNadu,84,SrivilliputhurTN,TamilNadu,85,KundrathurTN,TamilNadu,86,Erodeÿ(West)TN,TamilNadu,87,SriperumbudurTN,TamilNadu,88,Namakkalÿ(South)TN,TamilNadu,88,Paramathi VelurTN,TamilNadu,90,Salemÿ(South)TN,TamilNadu,91,ChidambaramTN,TamilNadu,31,NeyveliTN,TamilNadu,91,VirudhachalamTN,TamilNadu,92,ThiruchendurTN,TamilNadu,93,MetturTN,TamilNadu,94,PalaniTN,TamilNadu,94,OddanchatramTN,TamilNadu,95,SivakasiTN,TamilNadu,96,KovilpattiTN,TamilNadu,97,AraniTN,TamilNadu,97,CheyyarTN,TamilNadu,99,Coimbatore(West)TR,Tripura,1,AgartalaTR,Tripura,2,KailasaharTR,Tripura,3,UdaipurTR,Tripura,4,AmbassaTR,Tripura,5,DharmanagarTR,Tripura,6,TeliamuraTR,Tripura,7,BishramganjTR,Tripura,8,SantirbazarTS,Telghana,1,AdilabadTS,Telghana,2,KarimnagarTS,Telghana,3,WarangalTS,Telghana,4,KhammamTS,Telghana,5,NalgondaTS,Telghana,6,MahbubnagarTS,Telghana,7,Attapurÿ(Hyderabad)*TS,Telghana,8,Medchalÿ(Hyderabad)*TS,Telghana,9,Khairtabadÿ(Hyderabad)TS,Telghana,10,Secunderabadÿ(Hyderabad)TS,Telghana,11,Malakpetÿ(Hyderabad)TS,Telghana,12,Kishanbagh (Hyderabad)TS,Telghana,13,Tolichowkiÿ(Hyderabad)TS,Telghana,14,HyderabadTS,Telghana,15,SangareddyTS,Telghana,16,NizamabadTS,Telghana,17,KamareddyTS,Telghana,18,NirmalTS,Telghana,19,MancherialTS,Telghana,20,AsifabadTS,Telghana,21,JagtialTS,Telghana,22,PeddapalliTS,Telghana,23,SircillaTS,Telghana,24,WarangalTS,Telghana,25,BhupalpalleTS,Telghana,26,MahabubabadTS,Telghana,27,JangaonTS,Telghana,28,KothagudemTS,Telghana,29,SuryapetTS,Telghana,30,BhuvanagiriTS,Telghana,31,NagarkurnoolTS,Telghana,32,WanaparthyTS,Telghana,33,GadwalTS,Telghana,34,VikarabadTS,Telghana,35,MedakTS,Telghana,36,SiddipetTS,Telghana,37,MuluguTS,Telghana,38,NarayanpetUK,Uttarakhand,1,AlmoraUK,Uttarakhand,2,BageshwarUK,Uttarakhand,3,ChampawatUK,Uttarakhand,4,HaldwaniUK,Uttarakhand,5,PithoragarhUK,Uttarakhand,6,RudrapurUK,Uttarakhand,7,DehradunUK,Uttarakhand,8,HaridwarUK,Uttarakhand,9,TehriUK,Uttarakhand,10,UttarkashiUK,Uttarakhand,11,GopeshwarUK,Uttarakhand,12,PauriUK,Uttarakhand,13,RudraprayagUK,Uttarakhand,14,RishikeshUK,Uttarakhand,15,KotdwarUK,Uttarakhand,16,VikasnagarUK,Uttarakhand,17,RoorkeeUK,Uttarakhand,18,KashipurUK,Uttarakhand,19,RamnagarUK,Uttarakhand,20,RanikhetUP,Uttar Pradesh,1,AlmoraUP,Uttar Pradesh,2,NainitalUP,Uttar Pradesh,3,PithoragarhUP,Uttar Pradesh,4,RudrapurUP,Uttar Pradesh,5,Chamoli GopeshwarUP,Uttar Pradesh,6,PauriUP,Uttar Pradesh,7,DehradunUP,Uttar Pradesh,8,TehriUP,Uttar Pradesh,9,UttarkashiUP,Uttar Pradesh,10,HaridwarUP,Uttar Pradesh,11,SaharanpurUP,Uttar Pradesh,12,MuzaffarnagarUP,Uttar Pradesh,13,BulandshaharUP,Uttar Pradesh,14,GhaziabadUP,Uttar Pradesh,15,MeerutUP,Uttar Pradesh,16,Gautam Buddh NagarUP,Uttar Pradesh,17,BaghpatUP,Uttar Pradesh,19,ShamliUP,Uttar Pradesh,20,BijnorUP,Uttar Pradesh,21,MoradabadUP,Uttar Pradesh,22,RampurUP,Uttar Pradesh,23,AmrohaUP,Uttar Pradesh,24,BadaunUP,Uttar Pradesh,25,BareillyUP,Uttar Pradesh,26,PilibhitUP,Uttar Pradesh,27,ShahjahanpurUP,Uttar Pradesh,30,HardoiUP,Uttar Pradesh,31,Lakhimpur KheriUP,Uttar Pradesh,32,LucknowUP,Uttar Pradesh,33,RaebareliUP,Uttar Pradesh,34,SitapurUP,Uttar Pradesh,35,UnnaoUP,Uttar Pradesh,36,AmethiUP,Uttar Pradesh,37,HapurUP,Uttar Pradesh,38,BahjoiUP,Uttar Pradesh,40,BahraichUP,Uttar Pradesh,41,BarabankiUP,Uttar Pradesh,42,AyodhyaUP,Uttar Pradesh,43,GondaUP,Uttar Pradesh,44,SultanpurUP,Uttar Pradesh,45,AkbarpurUP,Uttar Pradesh,46,ShravastiUP,Uttar Pradesh,47,BalrampurUP,Uttar Pradesh,50,AzamgarhUP,Uttar Pradesh,51,BastiUP,Uttar Pradesh,52,DeoriaUP,Uttar Pradesh,53,GorakhpurUP,Uttar Pradesh,54,MauUP,Uttar Pradesh,55,Siddharth NagarUP,Uttar Pradesh,56,MaharajganjUP,Uttar Pradesh,57,KushinagarUP,Uttar Pradesh,58,Sant Kabir NagarUP,Uttar Pradesh,60,BalliaUP,Uttar Pradesh,61,GhazipurUP,Uttar Pradesh,62,JaunpurUP,Uttar Pradesh,63,MirzapurUP,Uttar Pradesh,64,SonbhadraUP,Uttar Pradesh,65,VaranasiUP,Uttar Pradesh,66,BhadohiUP,Uttar Pradesh,67,ChandauliUP,Uttar Pradesh,70,PrayagrajUP,Uttar Pradesh,71,FatehpurUP,Uttar Pradesh,72,PratapgarhUP,Uttar Pradesh,73,KaushambiUP,Uttar Pradesh,74,KannaujUP,Uttar Pradesh,75,EtawahUP,Uttar Pradesh,76,FarrukhabadUP,Uttar Pradesh,77,Kanpur DehatUP,Uttar Pradesh,78,Kanpur NagarUP,Uttar Pradesh,79,AuraiyaUP,Uttar Pradesh,80,AgraUP,Uttar Pradesh,81,AligarhUP,Uttar Pradesh,82,EtahUP,Uttar Pradesh,83,FirozabadUP,Uttar Pradesh,84,MainpuriUP,Uttar Pradesh,85,MathuraUP,Uttar Pradesh,86,HathrasUP,Uttar Pradesh,87,KasganjUP,Uttar Pradesh,90,BandaUP,Uttar Pradesh,91,HamirpurUP,Uttar Pradesh,92,JalaunUP,Uttar Pradesh,93,JhansiUP,Uttar Pradesh,94,LalitpurUP,Uttar Pradesh,95,MahobaUP,Uttar Pradesh,96,ChitrakootWB,West Bengal,1,RTOWB,West Bengal,2,RTOWB,West Bengal,3,RTOWB,West Bengal,4,RTOWB,West Bengal,5,RTOWB,West Bengal,6,RTOWB,West Bengal,7,RTOWB,West Bengal,8,RTOWB,West Bengal,9,RTOWB,West Bengal,10,RTOWB,West Bengal,11,RTOWB,West Bengal,12,RTOWB,West Bengal,13,ARTOWB,West Bengal,14,ARTOWB,West Bengal,15,RTOWB,West Bengal,16,RTOWB,West Bengal,17,ARTOWB,West Bengal,18,ARTOWB,West Bengal,19,RTOWB,West Bengal,20,RTOWB,West Bengal,21,RTOWB,West Bengal,22,RTOWB,West Bengal,23,ARTOWB,West Bengal,24,ARTOWB,West Bengal,25,RTOWB,West Bengal,26,RTOWB,West Bengal,27,ARTOWB,West Bengal,28,ARTOWB,West Bengal,29,RTOWB,West Bengal,30,RTOWB,West Bengal,31,ARTOWB,West Bengal,32,ARTOWB,West Bengal,33,RTOWB,West Bengal,34,RTOWB,West Bengal,35,ARTOWB,West Bengal,36,ARTOWB,West Bengal,37,RTOWB,West Bengal,38,RTOWB,West Bengal,39,ARTOWB,West Bengal,40,ARTOWB,West Bengal,41,RTOWB,West Bengal,42,RTOWB,West Bengal,43,ARTOWB,West Bengal,44,ARTOWB,West Bengal,45,ARTOWB,West Bengal,46,ARTOWB,West Bengal,47,ARTOWB,West Bengal,48,ARTOWB,West Bengal,49,RTOWB,West Bengal,50,RTOWB,West Bengal,51,RTOWB,West Bengal,52,RTOWB,West Bengal,53,RTOWB,West Bengal,54,RTOWB,West Bengal,55,RTOWB,West Bengal,56,RTOWB,West Bengal,57,RTOWB,West Bengal,58,RTOWB,West Bengal,59,RTOWB,West Bengal,60,RTOWB,West Bengal,61,RTOWB,West Bengal,62,RTOWB,West Bengal,63,RTOWB,West Bengal,64,RTOWB,West Bengal,65,RTOWB,West Bengal,66,RTOWB,West Bengal,67,RTOWB,West Bengal,68,RTOWB,West Bengal,69,RTOWB,West Bengal,70,RTOWB,West Bengal,71,RTOWB,West Bengal,72,RTOWB,West Bengal,73,ARTOWB,West Bengal,74,ARTOWB,West Bengal,75,ARTOWB,West Bengal,76,RTOWB,West Bengal,77,RTOWB,West Bengal,78,RTOWB,West Bengal,79,RTOWB,West Bengal,81,ARTOWB,West Bengal,82,ARTOWB,West Bengal,83,ARTOWB,West Bengal,84,ARTOWB,West Bengal,85,ARTOWB,West Bengal,86,ARTOWB,West Bengal,87,ARTOWB,West Bengal,88,ARTOWB,West Bengal,89,ARTOWB,West Bengal,90,ARTOWB,West Bengal,91,ARTOWB,West Bengal,92,ARTOWB,West Bengal,93,ARTOWB,West Bengal,94,ARTOWB,West Bengal,95,ARTOWB,West Bengal,96,ARTOWB,West Bengal,97,ARTOWB,West Bengal,98,ARTOWB,West Bengal,99,ARTO
